month,day,year,wikiUrl,imageUrl,croptop,cropright,cropbottom,cropleft,positiontop,positionleft,scale,zIndexOverride
3,8,1782,https://en.wikipedia.org/wiki/Gnadenhutten_massacre,https://upload.wikimedia.org/wikipedia/commons/thumb/4/41/GnadenhuttenMassacre1852.png/220px-GnadenhuttenMassacre1852.png,27,10,14,10,-15%,0%,1.5,22
9,1,1859,https://en.wikipedia.org/wiki/Carrington_Event,https://upload.wikimedia.org/wikipedia/commons/thumb/f/f1/Aurora_Australis_From_ISS.JPG/220px-Aurora_Australis_From_ISS.JPG,27,0,14,0,-10%,50%,1.7,22
4,30,1945,https://en.wikipedia.org/wiki/Death_of_Adolf_Hitler,https://content.time.com/time/magazine/archive/covers/1945/1101450507_400.jpg,27,10,14,10,-15%,0%,1.6,22
5,7,1945,https://www.trumanlibraryinstitute.org/wwii-75-marching-victory-10/,"https://m.media-amazon.com/images/I/41eCBF0D5WL._AC_UF894,1000_QL80_.jpg",0,0,0,0,-15%,0%,1.1,20
2,23,1945,https://en.wikipedia.org/wiki/Raising_the_Flag_on_Iwo_Jima,https://upload.wikimedia.org/wikipedia/commons/b/b0/Raising_the_Flag_on_Iwo_Jima%2C_larger_-_edit1.jpg,30,20,0,20,-15%,0%,1.7,200
8,6,1945,https://en.wikipedia.org/wiki/Atomic_bombings_of_Hiroshima_and_Nagasaki#Hiroshima,"https://media.cnn.com/api/v1/images/stellar/prod/200729173346-01-hiroshima-nagasaki-restricted.jpg?q=w_3000,c_fill",22,20,30,20,0%,0%,1.8,200
8,9,1945,https://en.wikipedia.org/wiki/Atomic_bombings_of_Hiroshima_and_Nagasaki#Nagasaki,https://www.osti.gov/opennet/manhattan-project-history/images/NagasakiCloud4.gif,22,20,30,20,0%,0%,1.8,200
7,16,1945,https://en.wikipedia.org/wiki/Trinity_(nuclear_test),https://wordpress.wbur.org/wp-content/uploads/2018/07/0716_trinity-1000x699.jpg,22,20,30,20,0%,0%,1.8,200
7,5,1945,https://en.wikipedia.org/wiki/1945_United_Kingdom_general_election,https://upload.wikimedia.org/wikipedia/commons/thumb/e/e6/Person_attlee2.jpg/220px-Person_attlee2.jpg,22,20,30,20,0%,0%,1.8,200
7,3,1945,https://en.wikipedia.org/wiki/James_F._Byrnes#Secretary_of_State,https://upload.wikimedia.org/wikipedia/commons/thumb/0/09/James_F._Byrnes_cph.3c32232.jpg/220px-James_F._Byrnes_cph.3c32232.jpg,22,20,30,20,0%,0%,1.8,200
5,5,1945,https://en.wikipedia.org/wiki/Battle_of_Castle_Itter,https://upload.wikimedia.org/wikipedia/commons/thumb/e/e1/Schloss_Itter_in_1979.jpg/300px-Schloss_Itter_in_1979.jpg,22,20,30,20,0%,0%,1.8,200
8,8,1945,https://en.wikipedia.org/wiki/Soviet_invasion_of_Manchuria,https://i.redd.it/az1td1biutc01.jpg,10,23,32,23,0%,0%,2,200
8,10,1945,https://www.theatlantic.com/international/archive/2015/08/emperor-hirohito-surrender-japan-hiroshima/400328/,https://www.historytoday.com/sites/default/files/hirohito.jpg,0,32,57,12,50%,20%,2,200
8,15,1945,https://en.wikipedia.org/wiki/Surrender_of_Japan#Surrender,https://as1.ftcdn.net/v2/jpg/01/63/44/22/1000_F_163442271_oFv2C3LTyHPiCBZdgFuVBbtGPqE2FVUt.jpg,25,20,20,12,-10%,1%,1.7,200
4,28,1945,https://en.wikipedia.org/wiki/Death_of_Benito_Mussolini,https://www.sandiegouniontribune.com/wp-content/uploads/migration/2011/12/13/00000169-0cec-dbbe-a16f-4eec557c0000.jpg?w=535,25,18,20,18,-10%,1%,1.7,200
12,22,1944,https://en.wikipedia.org/wiki/Anthony_McAuliffe#%22NUTS!%22,"https://image.spreadshirtmedia.com/image-server/v1/compositions/T23A1PA3989PT17X16Y29D1015793614W27939H19558/views/1,width=550,height=550,appearanceId=1,backgroundColor=FFFFFF,noPt=true/nuts-by-general-mcauliffe-black-mens-longsleeve-shirt.jpg",0,0,0,0,-10%,1%,1.2,200
1,27,1945,https://en.wikipedia.org/wiki/Liberation_of_Auschwitz_concentration_camp,https://encrypted-tbn0.gstatic.com/images?q=tbn:ANd9GcT5-Vo-qBnNjKhbT0nGpAo3UPRYF_3k9pFxSQ&s,0,22,0,20,-10%,1%,1.9,200
11,2,1792,https://en.wikipedia.org/wiki/1792_United_States_presidential_election,https://upload.wikimedia.org/wikipedia/commons/thumb/b/b0/ElectoralCollege1792.svg/350px-ElectoralCollege1792.svg.png,0,0,0,0,-10%,1%,1.9,200
12,15,1788,https://en.wikipedia.org/wiki/1788%E2%80%9389_United_States_presidential_election,https://upload.wikimedia.org/wikipedia/commons/thumb/1/1b/ElectoralCollege1789.svg/350px-ElectoralCollege1789.svg.png,0,0,0,0,-10%,1%,1.9,200
11,4,1796,https://en.wikipedia.org/wiki/1796_United_States_presidential_election,https://upload.wikimedia.org/wikipedia/commons/thumb/d/d5/ElectoralCollege1796.svg/350px-ElectoralCollege1796.svg.png,0,0,0,0,-10%,1%,1.9,200
10,31,1800,https://en.wikipedia.org/wiki/1800_United_States_presidential_election,https://upload.wikimedia.org/wikipedia/commons/thumb/0/04/ElectoralCollege1800.svg/350px-ElectoralCollege1800.svg.png,0,0,0,0,-10%,1%,1.9,200
11,2,1804,https://en.wikipedia.org/wiki/1804_United_States_presidential_election,https://upload.wikimedia.org/wikipedia/commons/thumb/e/e7/ElectoralCollege1804.svg/205px-ElectoralCollege1804.svg.png,0,0,0,0,-10%,1%,1.9,200
11,4,1808,https://en.wikipedia.org/wiki/1808_United_States_presidential_election,https://upload.wikimedia.org/wikipedia/commons/thumb/c/c9/ElectoralCollege1808.svg/205px-ElectoralCollege1808.svg.png,0,0,0,0,-10%,1%,1.9,200
10,30,1812,https://en.wikipedia.org/wiki/1812_United_States_presidential_election,https://upload.wikimedia.org/wikipedia/commons/thumb/0/02/ElectoralCollege1812.svg/205px-ElectoralCollege1812.svg.png,0,0,0,0,-10%,1%,1.9,200
11,1,1816,https://en.wikipedia.org/wiki/1816_United_States_presidential_election,https://upload.wikimedia.org/wikipedia/commons/thumb/1/1f/ElectoralCollege1816.svg/205px-ElectoralCollege1816.svg.png,0,0,0,0,-10%,1%,1.9,200
11,1,1820,https://en.wikipedia.org/wiki/1820_United_States_presidential_election,https://upload.wikimedia.org/wikipedia/commons/thumb/e/ef/ElectoralCollege1820.svg/205px-ElectoralCollege1820.svg.png,0,0,0,0,-10%,1%,1.9,200
10,26,1824,https://en.wikipedia.org/wiki/1824_United_States_presidential_election,https://upload.wikimedia.org/wikipedia/commons/thumb/e/ea/ElectoralCollege1824.svg/205px-ElectoralCollege1824.svg.png,0,0,0,0,-10%,1%,1.9,200
10,31,1828,https://en.wikipedia.org/wiki/1828_United_States_presidential_election,https://upload.wikimedia.org/wikipedia/commons/thumb/0/01/ElectoralCollege1828.svg/205px-ElectoralCollege1828.svg.png,0,0,0,0,-10%,1%,1.9,200
11,2,1832,https://en.wikipedia.org/wiki/1832_United_States_presidential_election,https://upload.wikimedia.org/wikipedia/commons/thumb/0/0e/ElectoralCollege1832.svg/205px-ElectoralCollege1832.svg.png,0,0,0,0,-10%,1%,1.9,200
11,3,1836,https://en.wikipedia.org/wiki/1836_United_States_presidential_election,https://upload.wikimedia.org/wikipedia/commons/thumb/a/a7/ElectoralCollege1836.svg/205px-ElectoralCollege1836.svg.png,0,0,0,0,-10%,1%,1.9,200
10,30,1840,https://en.wikipedia.org/wiki/1840_United_States_presidential_election,https://upload.wikimedia.org/wikipedia/commons/thumb/c/c4/ElectoralCollege1840.svg/205px-ElectoralCollege1840.svg.png,0,0,0,0,-10%,1%,1.9,200
11,1,1844,https://en.wikipedia.org/wiki/1844_United_States_presidential_election,https://upload.wikimedia.org/wikipedia/commons/thumb/1/14/ElectoralCollege1844.svg/205px-ElectoralCollege1844.svg.png,0,0,0,0,-10%,1%,1.9,200
11,7,1848,https://en.wikipedia.org/wiki/1848_United_States_presidential_election,https://upload.wikimedia.org/wikipedia/commons/thumb/7/73/ElectoralCollege1848.svg/348px-ElectoralCollege1848.svg.png,0,0,0,0,-10%,1%,1.9,200
11,2,1852,https://en.wikipedia.org/wiki/1852_United_States_presidential_election,https://upload.wikimedia.org/wikipedia/commons/thumb/2/23/ElectoralCollege1852.svg/348px-ElectoralCollege1852.svg.png,0,0,0,0,-10%,1%,1.9,200
11,4,1856,https://en.wikipedia.org/wiki/1856_United_States_presidential_election,https://upload.wikimedia.org/wikipedia/commons/thumb/7/7a/ElectoralCollege1856.svg/348px-ElectoralCollege1856.svg.png,0,0,0,0,-10%,1%,1.9,200
11,6,1860,https://en.wikipedia.org/wiki/1860_United_States_presidential_election,https://upload.wikimedia.org/wikipedia/commons/thumb/0/01/ElectoralCollege1860.svg/348px-ElectoralCollege1860.svg.png,0,0,0,0,-10%,1%,1.9,200
11,8,1864,https://en.wikipedia.org/wiki/1864_United_States_presidential_election,https://upload.wikimedia.org/wikipedia/commons/thumb/0/0d/ElectoralCollege1864.svg/348px-ElectoralCollege1864.svg.png,0,0,0,0,-10%,1%,1.9,200
11,3,1868,https://en.wikipedia.org/wiki/1868_United_States_presidential_election,https://upload.wikimedia.org/wikipedia/commons/thumb/c/ce/ElectoralCollege1868.svg/348px-ElectoralCollege1868.svg.png,0,0,0,0,-10%,1%,1.9,200
11,5,1872,https://en.wikipedia.org/wiki/1872_United_States_presidential_election,https://upload.wikimedia.org/wikipedia/commons/thumb/c/c8/ElectoralCollege1872.svg/348px-ElectoralCollege1872.svg.png,0,0,0,0,-10%,1%,1.9,200
11,7,1876,https://en.wikipedia.org/wiki/1876_United_States_presidential_election,https://upload.wikimedia.org/wikipedia/commons/thumb/7/77/ElectoralCollege1876.svg/348px-ElectoralCollege1876.svg.png,0,0,0,0,-10%,1%,1.9,200
11,2,1880,https://en.wikipedia.org/wiki/1880_United_States_presidential_election,https://upload.wikimedia.org/wikipedia/commons/thumb/2/21/ElectoralCollege1880.svg/348px-ElectoralCollege1880.svg.png,0,0,0,0,-10%,1%,1.9,200
11,4,1884,https://en.wikipedia.org/wiki/1884_United_States_presidential_election,https://upload.wikimedia.org/wikipedia/commons/thumb/a/ad/ElectoralCollege1884.svg/348px-ElectoralCollege1884.svg.png,0,0,0,0,-10%,1%,1.9,200
11,6,1888,https://en.wikipedia.org/wiki/1888_United_States_presidential_election,https://upload.wikimedia.org/wikipedia/commons/thumb/f/f4/ElectoralCollege1888.svg/348px-ElectoralCollege1888.svg.png,0,0,0,0,-10%,1%,1.9,200
11,8,1892,https://en.wikipedia.org/wiki/1892_United_States_presidential_election,https://upload.wikimedia.org/wikipedia/commons/thumb/7/78/ElectoralCollege1892.svg/348px-ElectoralCollege1892.svg.png,0,0,0,0,-10%,1%,1.9,200
11,3,1896,https://en.wikipedia.org/wiki/1896_United_States_presidential_election,https://upload.wikimedia.org/wikipedia/commons/thumb/7/74/ElectoralCollege1896.svg/350px-ElectoralCollege1896.svg.png,0,0,0,0,-10%,1%,1.9,200
11,6,1900,https://en.wikipedia.org/wiki/1900_United_States_presidential_election,https://upload.wikimedia.org/wikipedia/commons/thumb/4/4a/ElectoralCollege1900.svg/350px-ElectoralCollege1900.svg.png,0,0,0,0,-10%,1%,1.9,200
11,8,1904,https://en.wikipedia.org/wiki/1904_United_States_presidential_election,https://upload.wikimedia.org/wikipedia/commons/thumb/a/aa/ElectoralCollege1904.svg/348px-ElectoralCollege1904.svg.png,0,0,0,0,-10%,1%,1.9,200
11,3,1908,https://en.wikipedia.org/wiki/1908_United_States_presidential_election,https://upload.wikimedia.org/wikipedia/commons/thumb/0/07/ElectoralCollege1908.svg/348px-ElectoralCollege1908.svg.png,0,0,0,0,-10%,1%,1.9,200
11,5,1912,https://en.wikipedia.org/wiki/1912_United_States_presidential_election,https://upload.wikimedia.org/wikipedia/commons/thumb/a/a9/ElectoralCollege1912.svg/350px-ElectoralCollege1912.svg.png,0,0,0,0,-10%,1%,1.9,200
11,7,1916,https://en.wikipedia.org/wiki/1916_United_States_presidential_election,https://upload.wikimedia.org/wikipedia/commons/thumb/e/e1/ElectoralCollege1916.svg/350px-ElectoralCollege1916.svg.png,0,0,0,0,-10%,1%,1.9,200
11,2,1920,https://en.wikipedia.org/wiki/1920_United_States_presidential_election,https://upload.wikimedia.org/wikipedia/commons/thumb/b/ba/ElectoralCollege1920.svg/350px-ElectoralCollege1920.svg.png,0,0,0,0,-10%,1%,1.9,200
11,4,1924,https://en.wikipedia.org/wiki/1924_United_States_presidential_election,https://upload.wikimedia.org/wikipedia/commons/thumb/1/1c/ElectoralCollege1924.svg/348px-ElectoralCollege1924.svg.png,0,0,0,0,-10%,1%,1.9,200
11,6,1928,https://en.wikipedia.org/wiki/1928_United_States_presidential_election,https://upload.wikimedia.org/wikipedia/commons/thumb/b/bb/ElectoralCollege1928.svg/348px-ElectoralCollege1928.svg.png,0,0,0,0,-10%,1%,1.9,200
11,8,1932,https://en.wikipedia.org/wiki/1932_United_States_presidential_election,https://upload.wikimedia.org/wikipedia/commons/thumb/0/00/ElectoralCollege1932.svg/348px-ElectoralCollege1932.svg.png,0,0,0,0,-10%,1%,1.9,200
11,3,1936,https://en.wikipedia.org/wiki/1936_United_States_presidential_election,https://upload.wikimedia.org/wikipedia/commons/thumb/5/50/ElectoralCollege1936.svg/348px-ElectoralCollege1936.svg.png,0,0,0,0,-10%,1%,1.9,200
11,5,1940,https://en.wikipedia.org/wiki/1940_United_States_presidential_election,https://upload.wikimedia.org/wikipedia/commons/thumb/4/49/ElectoralCollege1940.svg/348px-ElectoralCollege1940.svg.png,0,0,0,0,-10%,1%,1.9,200
11,7,1944,https://en.wikipedia.org/wiki/1944_United_States_presidential_election,https://upload.wikimedia.org/wikipedia/commons/thumb/2/29/ElectoralCollege1944.svg/348px-ElectoralCollege1944.svg.png,0,0,0,0,-10%,1%,1.9,200
11,2,1948,https://en.wikipedia.org/wiki/1948_United_States_presidential_election,https://upload.wikimedia.org/wikipedia/commons/thumb/2/2f/ElectoralCollege1948.svg/350px-ElectoralCollege1948.svg.png,0,0,0,0,-10%,1%,1.9,200
11,4,1952,https://en.wikipedia.org/wiki/1952_United_States_presidential_election,https://upload.wikimedia.org/wikipedia/commons/thumb/a/a5/ElectoralCollege1952.svg/348px-ElectoralCollege1952.svg.png,0,0,0,0,-10%,1%,1.9,200
11,6,1956,https://en.wikipedia.org/wiki/1956_United_States_presidential_election,https://upload.wikimedia.org/wikipedia/commons/thumb/3/3e/ElectoralCollege1956.svg/348px-ElectoralCollege1956.svg.png,0,0,0,0,-10%,1%,1.9,200
11,8,1960,https://en.wikipedia.org/wiki/1960_United_States_presidential_election,https://upload.wikimedia.org/wikipedia/commons/thumb/5/5d/ElectoralCollege1960.svg/348px-ElectoralCollege1960.svg.png,0,0,0,0,-10%,1%,1.9,200
11,3,1964,https://en.wikipedia.org/wiki/1964_United_States_presidential_election,https://upload.wikimedia.org/wikipedia/commons/thumb/c/ce/ElectoralCollege1964.svg/348px-ElectoralCollege1964.svg.png,0,0,0,0,-10%,1%,1.9,200
11,5,1968,https://en.wikipedia.org/wiki/1968_United_States_presidential_election,https://upload.wikimedia.org/wikipedia/commons/thumb/4/41/ElectoralCollege1968.svg/348px-ElectoralCollege1968.svg.png,0,0,0,0,-10%,1%,1.9,200
11,7,1972,https://en.wikipedia.org/wiki/1972_United_States_presidential_election,https://upload.wikimedia.org/wikipedia/commons/thumb/3/30/ElectoralCollege1972.svg/348px-ElectoralCollege1972.svg.png,0,0,0,0,-10%,1%,1.9,200
11,2,1976,https://en.wikipedia.org/wiki/1976_United_States_presidential_election,https://upload.wikimedia.org/wikipedia/commons/thumb/4/43/ElectoralCollege1976.svg/348px-ElectoralCollege1976.svg.png,0,0,0,0,-10%,1%,1.9,200
11,4,1980,https://en.wikipedia.org/wiki/1980_United_States_presidential_election,https://upload.wikimedia.org/wikipedia/commons/thumb/5/5c/ElectoralCollege1980.svg/348px-ElectoralCollege1980.svg.png,0,0,0,0,-10%,1%,1.9,200
11,6,1984,https://en.wikipedia.org/wiki/1984_United_States_presidential_election,https://upload.wikimedia.org/wikipedia/commons/thumb/a/ab/ElectoralCollege1984.svg/348px-ElectoralCollege1984.svg.png,0,0,0,0,-10%,1%,1.9,200
11,8,1988,https://en.wikipedia.org/wiki/1988_United_States_presidential_election,https://upload.wikimedia.org/wikipedia/commons/thumb/f/fe/ElectoralCollege1988.svg/348px-ElectoralCollege1988.svg.png,0,0,0,0,-10%,1%,1.9,200
11,3,1992,https://en.wikipedia.org/wiki/1992_United_States_presidential_election,https://upload.wikimedia.org/wikipedia/commons/thumb/6/6a/ElectoralCollege1992.svg/348px-ElectoralCollege1992.svg.png,0,0,0,0,-10%,1%,1.9,200
11,5,1996,https://en.wikipedia.org/wiki/1996_United_States_presidential_election,https://upload.wikimedia.org/wikipedia/commons/thumb/1/12/ElectoralCollege1996.svg/348px-ElectoralCollege1996.svg.png,0,0,0,0,-10%,1%,1.9,200
11,7,2000,https://en.wikipedia.org/wiki/2000_United_States_presidential_election,https://upload.wikimedia.org/wikipedia/commons/thumb/1/19/ElectoralCollege2000.svg/348px-ElectoralCollege2000.svg.png,0,0,0,0,-10%,1%,1.9,200
11,2,2004,https://en.wikipedia.org/wiki/2004_United_States_presidential_election,https://upload.wikimedia.org/wikipedia/commons/thumb/e/e2/ElectoralCollege2004.svg/348px-ElectoralCollege2004.svg.png,0,0,0,0,-10%,1%,1.9,200
11,4,2008,https://en.wikipedia.org/wiki/2008_United_States_presidential_election,https://upload.wikimedia.org/wikipedia/commons/thumb/2/24/ElectoralCollege2008.svg/348px-ElectoralCollege2008.svg.png,0,0,0,0,-10%,1%,1.9,200
11,6,2012,https://en.wikipedia.org/wiki/2012_United_States_presidential_election,https://upload.wikimedia.org/wikipedia/commons/thumb/4/44/ElectoralCollege2012.svg/348px-ElectoralCollege2012.svg.png,0,0,0,0,-10%,1%,1.9,200
11,8,2016,https://en.wikipedia.org/wiki/2016_United_States_presidential_election,https://upload.wikimedia.org/wikipedia/commons/thumb/e/ec/ElectoralCollege2016.svg/348px-ElectoralCollege2016.svg.png,0,0,0,0,-10%,1%,1.9,200
11,3,2020,https://en.wikipedia.org/wiki/2020_United_States_presidential_election,https://upload.wikimedia.org/wikipedia/commons/thumb/4/49/ElectoralCollege2020.svg/348px-ElectoralCollege2020.svg.png,0,0,0,0,-10%,1%,1.9,200
11,5,2024,https://en.wikipedia.org/wiki/2024_United_States_presidential_election,https://upload.wikimedia.org/wikipedia/commons/thumb/f/f7/ElectoralCollege2024.svg/348px-ElectoralCollege2024.svg.png,0,0,0,0,-10%,1%,1.9,200
11,7,2020,https://en.wikipedia.org/wiki/2020_United_States_presidential_election#Election_calls,https://upload.wikimedia.org/wikipedia/commons/thumb/8/8b/Biden_victory_celebration_at_Black_Lives_Matter_plaza%2C_Washington%2C_D.C..jpg/220px-Biden_victory_celebration_at_Black_Lives_Matter_plaza%2C_Washington%2C_D.C..jpg,0,0,0,0,-10%,1%,1,200
12,2,1859,"https://en.wikipedia.org/wiki/John_Brown_(abolitionist)#Last_words,_death_and_aftermath",https://encrypted-tbn0.gstatic.com/images?q=tbn:ANd9GcQ_hChNVnmlQC4w-Q3HwCykkZgs4CL7QTRYJ5ARNpZpHlq8OS1qKc4Zhj3wbwwTTuy2TiY&usqp=CAU,0,0,0,0,0%,1%,1,200
12,20,1860,https://en.wikipedia.org/wiki/South_Carolina_in_the_American_Civil_War,https://upload.wikimedia.org/wikipedia/commons/thumb/6/69/Flag_of_South_Carolina.svg/125px-Flag_of_South_Carolina.svg.png,0,14,0,0,0%,10%,1.3,200
1,18,1871,https://en.wikipedia.org/wiki/Proclamation_of_the_German_Empire,https://upload.wikimedia.org/wikipedia/commons/thumb/7/72/A_v_Werner_-_Kaiserproklamation_am_18_Januar_1871_%283._Fassung_1885%29.jpg/220px-A_v_Werner_-_Kaiserproklamation_am_18_Januar_1871_%283._Fassung_1885%29.jpg,0,14,0,0,0%,10%,1.3,200
4,30,1789,https://en.wikipedia.org/wiki/George_Washington,https://upload.wikimedia.org/wikipedia/commons/thumb/b/b6/Gilbert_Stuart_Williamstown_Portrait_of_George_Washington.jpg/220px-Gilbert_Stuart_Williamstown_Portrait_of_George_Washington.jpg,5,0,19,0,0%,0%,1.1,200
3,4,1797,https://en.wikipedia.org/wiki/John_Adams,https://upload.wikimedia.org/wikipedia/commons/thumb/f/ff/Gilbert_Stuart%2C_John_Adams%2C_c._1800-1815%2C_NGA_42933.jpg/170px-Gilbert_Stuart%2C_John_Adams%2C_c._1800-1815%2C_NGA_42933.jpg,5,0,19,0,0%,0%,1.1,200
3,4,1801,https://en.wikipedia.org/wiki/Thomas_Jefferson,https://upload.wikimedia.org/wikipedia/commons/thumb/b/b1/Official_Presidential_portrait_of_Thomas_Jefferson_%28by_Rembrandt_Peale%2C_1800%29%28cropped%29.jpg/240px-Official_Presidential_portrait_of_Thomas_Jefferson_%28by_Rembrandt_Peale%2C_1800%29%28cropped%29.jpg,5,0,19,0,0%,0%,1.1,200
3,4,1809,https://en.wikipedia.org/wiki/James_Madison,https://upload.wikimedia.org/wikipedia/commons/thumb/1/1f/James_Madison_by_Gilbert_Stuart_1804.jpeg/170px-James_Madison_by_Gilbert_Stuart_1804.jpeg,5,0,19,0,0%,0%,1.1,200
3,4,1817,https://en.wikipedia.org/wiki/James_Monroe,https://upload.wikimedia.org/wikipedia/commons/thumb/3/3a/James_Monroe_White_House_portrait_1819_%28cropped%29%28b%29.jpg/220px-James_Monroe_White_House_portrait_1819_%28cropped%29%28b%29.jpg,5,0,19,0,0%,0%,1.1,200
3,4,1825,https://en.wikipedia.org/wiki/John_Quincy_Adams,https://upload.wikimedia.org/wikipedia/commons/thumb/3/3a/JQA_Photo_Crop_%28cropped%29.jpg/220px-JQA_Photo_Crop_%28cropped%29.jpg,5,0,19,0,0%,0%,1.1,200
3,4,1829,https://en.wikipedia.org/wiki/Andrew_Jackson,https://upload.wikimedia.org/wikipedia/commons/thumb/2/2a/Andrew_jackson_head_%28cropped%29.jpg/220px-Andrew_jackson_head_%28cropped%29.jpg,5,0,19,0,0%,0%,1.1,200
3,4,1837,https://en.wikipedia.org/wiki/Martin_Van_Buren,https://upload.wikimedia.org/wikipedia/commons/thumb/1/1f/Martin_Van_Buren_by_Mathew_Brady_c1855-58.jpg/220px-Martin_Van_Buren_by_Mathew_Brady_c1855-58.jpg,5,0,19,0,0%,0%,1.1,200
3,4,1841,https://en.wikipedia.org/wiki/William_Henry_Harrison,https://upload.wikimedia.org/wikipedia/commons/thumb/a/a3/William_Henry_Harrison_by_James_Reid_Lambdin%2C_1835_crop_%28cropped%29.jpg/220px-William_Henry_Harrison_by_James_Reid_Lambdin%2C_1835_crop_%28cropped%29.jpg,5,0,19,0,0%,0%,1.1,200
4,4,1841,https://en.wikipedia.org/wiki/John_Tyler,https://upload.wikimedia.org/wikipedia/commons/thumb/6/6e/John_Tyler_%28cropped_3x4%29_%28cropped%29%282%29.png/220px-John_Tyler_%28cropped_3x4%29_%28cropped%29%282%29.png,5,0,19,0,0%,0%,1.1,200
3,4,1845,https://en.wikipedia.org/wiki/James_K._Polk,https://upload.wikimedia.org/wikipedia/commons/thumb/4/46/James_Polk_restored_%26_cropped.jpg/220px-James_Polk_restored_%26_cropped.jpg,5,0,19,0,0%,0%,1.1,200
3,4,1849,https://en.wikipedia.org/wiki/Zachary_Taylor,https://upload.wikimedia.org/wikipedia/commons/thumb/f/fa/Zachary_Taylor_restored_and_cropped_%28cropped%29%282%29.jpg/220px-Zachary_Taylor_restored_and_cropped_%28cropped%29%282%29.jpg,5,0,19,0,0%,0%,1.1,200
7,9,1850,https://en.wikipedia.org/wiki/Millard_Fillmore,https://upload.wikimedia.org/wikipedia/commons/thumb/b/bf/Millard_Fillmore_Better_Crop_%28b%29.jpg/220px-Millard_Fillmore_Better_Crop_%28b%29.jpg,5,0,19,0,0%,0%,1.1,200
3,4,1853,https://en.wikipedia.org/wiki/Franklin_Pierce,https://upload.wikimedia.org/wikipedia/commons/thumb/a/aa/Mathew_Brady_-_Franklin_Pierce_-_alternate_crop_%28cropped%29%28b%29%283%29.jpg/220px-Mathew_Brady_-_Franklin_Pierce_-_alternate_crop_%28cropped%29%28b%29%283%29.jpg,5,0,19,0,0%,0%,1.1,200
3,4,1857,https://en.wikipedia.org/wiki/James_Buchanan,https://upload.wikimedia.org/wikipedia/commons/thumb/f/fd/James_Buchanan.jpg/220px-James_Buchanan.jpg,5,0,19,0,0%,0%,1.1,200
3,4,1861,https://en.wikipedia.org/wiki/Abraham_Lincoln,https://upload.wikimedia.org/wikipedia/commons/thumb/a/ab/Abraham_Lincoln_O-77_matte_collodion_print.jpg/220px-Abraham_Lincoln_O-77_matte_collodion_print.jpg,5,0,19,0,0%,0%,1.1,200
4,15,1865,https://en.wikipedia.org/wiki/Andrew_Johnson,https://upload.wikimedia.org/wikipedia/commons/thumb/e/e6/Andrew_Johnson_photo_portrait_head_and_shoulders%2C_c1870-1880-Edit1.jpg/220px-Andrew_Johnson_photo_portrait_head_and_shoulders%2C_c1870-1880-Edit1.jpg,5,0,19,0,0%,0%,1.1,200
3,4,1869,https://en.wikipedia.org/wiki/Ulysses_S._Grant,https://upload.wikimedia.org/wikipedia/commons/thumb/5/5c/Ulysses_S._Grant_1870-1880.jpg/225px-Ulysses_S._Grant_1870-1880.jpg,5,0,19,0,0%,0%,1.1,200
3,4,1877,https://en.wikipedia.org/wiki/Rutherford_B._Hayes,https://upload.wikimedia.org/wikipedia/commons/thumb/b/b0/President_Rutherford_Hayes_1870_-_1880_Restored_%28cropped%29%282%29.jpg/220px-President_Rutherford_Hayes_1870_-_1880_Restored_%28cropped%29%282%29.jpg,5,0,19,0,0%,0%,1.1,200
3,4,1881,https://en.wikipedia.org/wiki/James_A._Garfield,https://upload.wikimedia.org/wikipedia/commons/thumb/f/f5/James_Abram_Garfield%2C_photo_portrait_seated_%28cropped%29%282%29.jpg/220px-James_Abram_Garfield%2C_photo_portrait_seated_%28cropped%29%282%29.jpg,5,0,19,0,0%,0%,1.1,200
9,19,1881,https://en.wikipedia.org/wiki/Chester_A._Arthur,https://upload.wikimedia.org/wikipedia/commons/thumb/0/01/Chester_A._Arthur_by_Abraham_Bogardus.jpg/220px-Chester_A._Arthur_by_Abraham_Bogardus.jpg,5,0,19,0,0%,0%,1.1,200
3,4,1885,https://en.wikipedia.org/wiki/Grover_Cleveland,https://upload.wikimedia.org/wikipedia/commons/thumb/3/36/StephenGroverCleveland.jpg/220px-StephenGroverCleveland.jpg,5,0,19,0,0%,0%,1.1,200
3,4,1889,https://en.wikipedia.org/wiki/Benjamin_Harrison,https://upload.wikimedia.org/wikipedia/commons/thumb/5/59/Benjamin_Harrison%2C_head_and_shoulders_bw_photo%2C_1896_%28cropped%29.jpg/220px-Benjamin_Harrison%2C_head_and_shoulders_bw_photo%2C_1896_%28cropped%29.jpg,5,0,19,0,0%,0%,1.1,200
3,4,1893,https://en.wikipedia.org/wiki/Grover_Cleveland,https://upload.wikimedia.org/wikipedia/commons/thumb/3/36/StephenGroverCleveland.jpg/220px-StephenGroverCleveland.jpg,5,0,19,0,0%,0%,1.1,200
3,4,1897,https://en.wikipedia.org/wiki/William_McKinley,https://upload.wikimedia.org/wikipedia/commons/thumb/d/da/McKinley_%28cropped%29_%282%29.jpg/220px-McKinley_%28cropped%29_%282%29.jpg,5,0,19,0,0%,0%,1.1,200
9,14,1901,https://en.wikipedia.org/wiki/Theodore_Roosevelt,https://upload.wikimedia.org/wikipedia/commons/thumb/5/5b/Theodore_Roosevelt_by_the_Pach_Bros.jpg/268px-Theodore_Roosevelt_by_the_Pach_Bros.jpg,5,0,19,0,0%,0%,1.1,200
3,4,1909,https://en.wikipedia.org/wiki/William_Howard_Taft,https://upload.wikimedia.org/wikipedia/commons/thumb/a/a1/Cabinet_card_of_William_Howard_Taft_by_Pach_Brothers_-_Cropped_to_image.jpg/220px-Cabinet_card_of_William_Howard_Taft_by_Pach_Brothers_-_Cropped_to_image.jpg,5,0,19,0,0%,0%,1.1,200
3,4,1913,https://en.wikipedia.org/wiki/Woodrow_Wilson,https://upload.wikimedia.org/wikipedia/commons/thumb/d/dc/Thomas_Woodrow_Wilson%2C_Harris_%26_Ewing_bw_photo_portrait%2C_1919_-_black_and_white_%28cropped%29.jpg/220px-Thomas_Woodrow_Wilson%2C_Harris_%26_Ewing_bw_photo_portrait%2C_1919_-_black_and_white_%28cropped%29.jpg,5,0,19,0,0%,0%,1.1,200
3,4,1921,https://en.wikipedia.org/wiki/Warren_G._Harding,https://upload.wikimedia.org/wikipedia/commons/thumb/a/a1/Warren_G_Harding-Harris_%26_Ewing_%28cropped%29%282%29.jpg/220px-Warren_G_Harding-Harris_%26_Ewing_%28cropped%29%282%29.jpg,5,0,19,0,0%,0%,1.1,200
8,2,1923,https://en.wikipedia.org/wiki/Calvin_Coolidge,https://upload.wikimedia.org/wikipedia/commons/thumb/a/a3/Calvin_Coolidge_cph.3g10777_%28cropped%29.jpg/220px-Calvin_Coolidge_cph.3g10777_%28cropped%29.jpg,5,0,19,0,0%,0%,1.1,200
3,4,1929,https://en.wikipedia.org/wiki/Herbert_Hoover,https://upload.wikimedia.org/wikipedia/commons/thumb/5/57/President_Hoover_portrait.jpg/220px-President_Hoover_portrait.jpg,5,0,19,0,0%,0%,1.1,200
3,4,1933,https://en.wikipedia.org/wiki/Franklin_D._Roosevelt,https://upload.wikimedia.org/wikipedia/commons/thumb/6/6f/FDR-1944-Campaign-Portrait_%28cropped%29.jpg/220px-FDR-1944-Campaign-Portrait_%28cropped%29.jpg,5,0,19,0,0%,0%,1.1,200
4,12,1945,https://en.wikipedia.org/wiki/Harry_S._Truman,https://upload.wikimedia.org/wikipedia/commons/thumb/0/0b/TRUMAN_58-766-06_%28cropped%29.jpg/220px-TRUMAN_58-766-06_%28cropped%29.jpg,5,0,19,0,0%,0%,1.1,200
1,20,1953,https://en.wikipedia.org/wiki/Dwight_D._Eisenhower,https://upload.wikimedia.org/wikipedia/commons/thumb/0/02/Dwight_D._Eisenhower%2C_official_photo_portrait%2C_May_29%2C_1959_%28cropped%29%283%29.jpg/220px-Dwight_D._Eisenhower%2C_official_photo_portrait%2C_May_29%2C_1959_%28cropped%29%283%29.jpg,5,0,19,0,0%,0%,1.1,200
1,20,1961,https://en.wikipedia.org/wiki/John_F._Kennedy,https://upload.wikimedia.org/wikipedia/commons/thumb/c/c3/John_F._Kennedy%2C_White_House_color_photo_portrait.jpg/220px-John_F._Kennedy%2C_White_House_color_photo_portrait.jpg,5,0,19,0,0%,0%,1.1,200
11,23,1963,https://en.wikipedia.org/wiki/Lyndon_B._Johnson,https://upload.wikimedia.org/wikipedia/commons/thumb/c/c3/37_Lyndon_Johnson_3x4.jpg/220px-37_Lyndon_Johnson_3x4.jpg,5,0,19,0,0%,0%,1.1,200
11,22,1963,https://en.wikipedia.org/wiki/Assassination_of_John_F._Kennedy,https://upload.wikimedia.org/wikipedia/commons/thumb/5/5c/JFK_limousine.png/220px-JFK_limousine.png,0,0,0,7,0%,0%,1.2,200
1,20,1969,https://en.wikipedia.org/wiki/Richard_Nixon,https://upload.wikimedia.org/wikipedia/commons/thumb/2/2c/Richard_Nixon_presidential_portrait_%281%29.jpg/220px-Richard_Nixon_presidential_portrait_%281%29.jpg,5,0,19,0,0%,0%,1.1,200
8,9,1974,https://en.wikipedia.org/wiki/Gerald_Ford,https://upload.wikimedia.org/wikipedia/commons/thumb/3/36/Gerald_Ford_presidential_portrait_%28cropped%29.jpg/220px-Gerald_Ford_presidential_portrait_%28cropped%29.jpg,5,0,19,0,0%,0%,1.1,200
1,20,1977,https://en.wikipedia.org/wiki/Jimmy_Carter,https://upload.wikimedia.org/wikipedia/commons/thumb/5/5a/JimmyCarterPortrait2.jpg/220px-JimmyCarterPortrait2.jpg,5,0,19,0,0%,0%,1.1,200
1,20,1981,https://en.wikipedia.org/wiki/Ronald_Reagan,https://upload.wikimedia.org/wikipedia/commons/thumb/1/16/Official_Portrait_of_President_Reagan_1981.jpg/220px-Official_Portrait_of_President_Reagan_1981.jpg,5,0,19,0,0%,0%,1.1,200
1,20,1989,https://en.wikipedia.org/wiki/George_H._W._Bush,https://upload.wikimedia.org/wikipedia/commons/thumb/e/ee/George_H._W._Bush_presidential_portrait_%28cropped%29.jpg/220px-George_H._W._Bush_presidential_portrait_%28cropped%29.jpg,5,0,19,0,0%,0%,1.1,200
1,20,1993,https://en.wikipedia.org/wiki/Bill_Clinton,https://upload.wikimedia.org/wikipedia/commons/thumb/d/d3/Bill_Clinton.jpg/220px-Bill_Clinton.jpg,5,0,19,0,0%,0%,1.1,200
1,20,2001,https://en.wikipedia.org/wiki/George_W._Bush,https://upload.wikimedia.org/wikipedia/commons/thumb/d/d4/George-W-Bush.jpeg/220px-George-W-Bush.jpeg,5,0,19,0,0%,0%,1.1,200
1,20,2009,https://en.wikipedia.org/wiki/Barack_Obama,https://upload.wikimedia.org/wikipedia/commons/thumb/8/8d/President_Barack_Obama.jpg/220px-President_Barack_Obama.jpg,5,0,19,0,0%,0%,1.1,200
1,20,2017,https://en.wikipedia.org/wiki/Donald_Trump,https://upload.wikimedia.org/wikipedia/commons/thumb/5/56/Donald_Trump_official_portrait.jpg/220px-Donald_Trump_official_portrait.jpg,5,0,19,0,0%,0%,1.1,200
1,20,2021,https://en.wikipedia.org/wiki/Joe_Biden,https://upload.wikimedia.org/wikipedia/commons/thumb/6/68/Joe_Biden_presidential_portrait.jpg/220px-Joe_Biden_presidential_portrait.jpg,5,0,19,0,0%,0%,1.1,200
1,9,1861,https://en.wikipedia.org/wiki/Mississippi_in_the_American_Civil_War,https://upload.wikimedia.org/wikipedia/commons/thumb/4/42/Flag_of_Mississippi.svg/250px-Flag_of_Mississippi.svg.png,0,9,0,9,0%,0%,1.3,200
1,10,1861,https://en.wikipedia.org/wiki/Florida_in_the_American_Civil_War,https://upload.wikimedia.org/wikipedia/commons/thumb/f/f7/Flag_of_Florida.svg/250px-Flag_of_Florida.svg.png,0,5,0,5,0%,0%,1.2,200
1,11,1861,https://en.wikipedia.org/wiki/Alabama_in_the_American_Civil_War,https://upload.wikimedia.org/wikipedia/commons/thumb/5/5c/Flag_of_Alabama.svg/250px-Flag_of_Alabama.svg.png,0,5,0,5,0%,0%,1.2,200
1,19,1861,https://en.wikipedia.org/wiki/Georgia_in_the_American_Civil_War,https://upload.wikimedia.org/wikipedia/commons/thumb/0/08/Flag_of_the_State_of_Georgia.svg/125px-Flag_of_the_State_of_Georgia.svg.png,0,10,0,0,0%,5%,1.2,200
1,26,1861,https://en.wikipedia.org/wiki/Louisiana_in_the_American_Civil_War,https://upload.wikimedia.org/wikipedia/commons/thumb/e/e0/Flag_of_Louisiana.svg/250px-Flag_of_Louisiana.svg.png,0,5,0,5,0%,0%,1.2,200
2,1,1861,https://en.wikipedia.org/wiki/Texas_in_the_American_Civil_War,https://upload.wikimedia.org/wikipedia/commons/thumb/f/f7/Flag_of_Texas.svg/250px-Flag_of_Texas.svg.png,0,5,0,5,0%,0%,1.2,200
2,8,1861,https://en.wikipedia.org/wiki/Confederate_States_of_America,https://upload.wikimedia.org/wikipedia/commons/thumb/7/74/Battle_flag_of_the_Confederate_States_of_America_%283-5%29.svg/220px-Battle_flag_of_the_Confederate_States_of_America_%283-5%29.svg.png,0,0,0,0,0%,0%,1.1,200
2,18,1861,https://en.wikipedia.org/wiki/Jefferson_Davis,https://upload.wikimedia.org/wikipedia/commons/thumb/6/68/Jefferson_Davis_1862.jpg/220px-Jefferson_Davis_1862.jpg,5,0,19,0,0%,0%,1.1,200
3,21,1861,https://en.wikipedia.org/wiki/Cornerstone_Speech,https://upload.wikimedia.org/wikipedia/commons/thumb/9/95/Alexander_Hamilton_Stephens.jpg/240px-Alexander_Hamilton_Stephens.jpg,5,0,19,0,0%,0%,1.1,200
4,14,1865,https://en.wikipedia.org/wiki/Assassination_of_Abraham_Lincoln,https://upload.wikimedia.org/wikipedia/commons/thumb/3/37/Lincoln_assassination_slide_c1900_-_Restoration.jpg/220px-Lincoln_assassination_slide_c1900_-_Restoration.jpg,5,0,19,0,0%,0%,1.1,200
4,17,1861,https://en.wikipedia.org/wiki/Virginia_in_the_American_Civil_War,https://upload.wikimedia.org/wikipedia/commons/thumb/4/47/Flag_of_Virginia.svg/125px-Flag_of_Virginia.svg.png,5,15,28,14,0%,0%,1.5,200
4,23,1861,https://en.wikipedia.org/wiki/Robert_E._Lee,https://upload.wikimedia.org/wikipedia/commons/thumb/8/89/Robert_Edward_Lee.jpg/220px-Robert_Edward_Lee.jpg,5,0,19,0,0%,0%,1.1,200
5,6,1861,https://en.wikipedia.org/wiki/Arkansas_in_the_American_Civil_War,https://upload.wikimedia.org/wikipedia/commons/thumb/9/9d/Flag_of_Arkansas.svg/110px-Flag_of_Arkansas.svg.png,5,15,28,14,0%,0%,1.5,200
5,20,1861,https://en.wikipedia.org/wiki/North_Carolina_in_the_American_Civil_War,https://upload.wikimedia.org/wikipedia/commons/thumb/b/bb/Flag_of_North_Carolina.svg/250px-Flag_of_North_Carolina.svg.png,5,28,28,0,0%,21%,1.5,200
6,8,1861,https://en.wikipedia.org/wiki/History_of_Tennessee#Civil_War,https://upload.wikimedia.org/wikipedia/commons/thumb/9/9e/Flag_of_Tennessee.svg/175px-Flag_of_Tennessee.svg.png,5,15,28,14,0%,0%,1.5,200
7,21,1861,https://en.wikipedia.org/wiki/First_Battle_of_Bull_Run,https://upload.wikimedia.org/wikipedia/commons/thumb/d/da/Bridge_during_the_Retreat_from_Manassas%2C_First_Battle_of_Bull_Run_%28First_Manassas%29%2C_Virginia_1861.jpg/300px-Bridge_during_the_Retreat_from_Manassas%2C_First_Battle_of_Bull_Run_%28First_Manassas%29%2C_Virginia_1861.jpg,5,0,19,0,0%,0%,1.1,200
8,5,1861,https://en.wikipedia.org/wiki/Revenue_Act_of_1861,https://upload.wikimedia.org/wikipedia/commons/thumb/e/ee/Kiloware.JPG/258px-Kiloware.JPG,5,0,19,0,0%,0%,1.1,200
8,10,1861,https://en.wikipedia.org/wiki/Battle_of_Wilson%27s_Creek,https://upload.wikimedia.org/wikipedia/commons/thumb/a/a9/The_soldier_in_our_Civil_War_-_a_pictorial_history_of_the_conflict%2C_1861-1865%2C_illustrating_the_valor_of_the_soldier_as_displayed_on_the_battle-field%2C_from_sketches_drawn_by_Forbes%2C_Waud%2C_Taylor%2C_%2814762463272%29.jpg/220px-thumbnail.jpg,5,0,19,0,0%,0%,1.1,200
10,21,1861,https://en.wikipedia.org/wiki/Battle_of_Ball%27s_Bluff,https://upload.wikimedia.org/wikipedia/commons/thumb/c/ce/Cannonading_on_the_Potomac_by_Alfred_W_Thompson%2C_c1869.jpg/300px-Cannonading_on_the_Potomac_by_Alfred_W_Thompson%2C_c1869.jpg,5,0,19,0,0%,0%,1.1,200
11,1,1861,https://en.wikipedia.org/wiki/George_B._McClellan,https://upload.wikimedia.org/wikipedia/commons/thumb/8/86/George_B_McClellan_-_retouched%2C_cropped.jpg/220px-George_B_McClellan_-_retouched%2C_cropped.jpg,5,0,19,0,0%,0%,1.1,200
11,9,1862,https://en.wikipedia.org/wiki/Ambrose_Burnside,https://upload.wikimedia.org/wikipedia/commons/thumb/2/24/Ambrose_Burnside2.jpg/220px-Ambrose_Burnside2.jpg,5,0,19,0,0%,0%,1.1,200
11,4,1862,https://en.wikipedia.org/wiki/1862_United_States_elections,https://upload.wikimedia.org/wikipedia/commons/thumb/a/a0/House038ElectionMap.png/400px-House038ElectionMap.png,0,0,0,0,-10%,1%,1.9,200
2,20,1862,https://en.wikipedia.org/wiki/William_Wallace_Lincoln,https://upload.wikimedia.org/wikipedia/commons/thumb/a/a3/William_Wallace_Lincoln.jpg/220px-William_Wallace_Lincoln.jpg,5,0,19,0,0%,0%,1.1,200
2,6,1862,https://en.wikipedia.org/wiki/Battle_of_Fort_Henry,https://upload.wikimedia.org/wikipedia/commons/thumb/d/df/Battle_of_Fort_Henry.png/300px-Battle_of_Fort_Henry.png,5,0,19,0,0%,0%,1.1,200
8,9,1862,https://en.wikipedia.org/wiki/Battle_of_Cedar_Mountain,https://upload.wikimedia.org/wikipedia/commons/thumb/2/29/Frank_Leslie%27s_scenes_and_portraits_of_the_Civil_War_%281894%29_%2814576336250%29.jpg/300px-Frank_Leslie%27s_scenes_and_portraits_of_the_Civil_War_%281894%29_%2814576336250%29.jpg,5,0,19,0,0%,0%,1.1,200
9,17,1862,https://en.wikipedia.org/wiki/Battle_of_Antietam,https://encrypted-tbn0.gstatic.com/images?q=tbn:ANd9GcQ18XzYzXHqk9gngkjQKgdPPBdbm-tA5n5lhQ&s,25,0,19,28,-10%,-20%,1.8,200
9,22,1862,https://en.wikipedia.org/wiki/Emancipation_Proclamation,https://upload.wikimedia.org/wikipedia/commons/thumb/e/e4/Emancipation_Proclamation_WDL2714.jpg/220px-Emancipation_Proclamation_WDL2714.jpg,10,0,22,0,0%,0%,1.3,200
12,31,1862,https://en.wikipedia.org/wiki/Battle_of_Stones_River,https://upload.wikimedia.org/wikipedia/commons/thumb/f/fc/The_battle_of_Stone_River_or_Murfreesboro%27_LCCN2003664895.tif/lossy-page1-400px-The_battle_of_Stone_River_or_Murfreesboro%27_LCCN2003664895.tif.jpg,0,0,0,0,0%,0%,1.2,200
1,1,1863,https://en.wikipedia.org/wiki/Emancipation_Proclamation#Implementation,https://upload.wikimedia.org/wikipedia/commons/thumb/e/e4/Emancipation_Proclamation_WDL2714.jpg/220px-Emancipation_Proclamation_WDL2714.jpg,10,0,22,0,0%,0%,1.3,200
1,25,1863,https://en.wikipedia.org/wiki/Joseph_Hooker,https://upload.wikimedia.org/wikipedia/commons/thumb/0/0b/Joseph_Hooker_-_Brady-Handy--restored.jpg/220px-Joseph_Hooker_-_Brady-Handy--restored.jpg,5,0,37,0,15%,0%,1.5,200
5,10,1863,https://en.wikipedia.org/wiki/Stonewall_Jackson#Death,https://encrypted-tbn0.gstatic.com/images?q=tbn:ANd9GcQwAKBMh836nCClIingNHjoDYsFOhoZbtHJnA&s,5,0,19,0,0%,0%,1.1,200
6,28,1863,https://en.wikipedia.org/wiki/George_Meade,https://upload.wikimedia.org/wikipedia/commons/thumb/b/b2/George_G._Meade_Standing.jpg/220px-George_G._Meade_Standing.jpg,0,10,45,10,27%,0%,1.4,200
6,20,1863,https://en.wikipedia.org/wiki/West_Virginia_in_the_American_Civil_War,https://upload.wikimedia.org/wikipedia/commons/thumb/1/1c/Seal_of_West_Virginia.svg/100px-Seal_of_West_Virginia.svg.png,0,0,0,0,0%,0%,1,200
7,18,1863,https://en.wikipedia.org/wiki/Second_Battle_of_Fort_Wagner,https://cdn.britannica.com/72/159972-050-7EEE3840/Fort-Wagner-work-Kurz-fort-Allison-July-18-1863.jpg,0,0,0,0,0%,0%,1,200
11,19,1863,https://en.wikipedia.org/wiki/Gettysburg_Address,https://www.battlefields.org/sites/default/files/styles/squarish/public/thumbnails/image/Gettysburg%20Address%20Hero_0.jpg?h=d86166dc&itok=2IbsyciG,0,0,0,0,0%,0%,1,200
11,24,1863,https://en.wikipedia.org/wiki/Battle_of_Lookout_Mountain,https://upload.wikimedia.org/wikipedia/commons/thumb/2/25/Harper%27s_weekly_%281867%29_%2814596679829%29.jpg/400px-Harper%27s_weekly_%281867%29_%2814596679829%29.jpg,0,0,0,0,0%,0%,1.09,200
11,25,1863,https://en.wikipedia.org/wiki/Battle_of_Missionary_Ridge,https://upload.wikimedia.org/wikipedia/commons/thumb/d/d7/Battles_and_sketches_of_the_Army_of_Tennessee_%281906%29_%2814576145170%29.jpg/340px-Battles_and_sketches_of_the_Army_of_Tennessee_%281906%29_%2814576145170%29.jpg,0,0,0,0,0%,0%,1.12,200
3,8,1864,https://en.wikipedia.org/wiki/Ulysses_S._Grant#Civil_War,https://upload.wikimedia.org/wikipedia/commons/thumb/0/01/Grant_crop_of_Cold_Harbor_photo.png/200px-Grant_crop_of_Cold_Harbor_photo.png,0,0,0,0,0%,0%,1.05,200
6,10,1864,https://en.wikipedia.org/wiki/Battle_of_Brice%27s_Cross_Roads,https://upload.wikimedia.org/wikipedia/commons/thumb/6/61/Brices_Crossroads.svg/300px-Brices_Crossroads.svg.png,0,0,0,0,0%,0%,1.05,200
7,22,1864,https://en.wikipedia.org/wiki/Battle_of_Atlanta,https://upload.wikimedia.org/wikipedia/commons/thumb/7/79/Georgia%2C_Atlanta%2C_Confederate_Works_Southeast_-_NARA_-_533414.jpg/280px-Georgia%2C_Atlanta%2C_Confederate_Works_Southeast_-_NARA_-_533414.jpg,0,0,0,0,-10%,1%,1.5,200
1,31,1865,https://en.wikipedia.org/wiki/Thirteenth_Amendment_to_the_United_States_Constitution,https://upload.wikimedia.org/wikipedia/en/thumb/6/6a/Lincoln_2012_Teaser_Poster.jpg/220px-Lincoln_2012_Teaser_Poster.jpg,22,20,30,20,0%,0%,1.8,200
3,4,1865,https://en.wikipedia.org/wiki/Abraham_Lincoln%27s_second_inaugural_address,https://upload.wikimedia.org/wikipedia/commons/thumb/5/5c/Abraham_Lincoln_second_inaugural_address.jpg/300px-Abraham_Lincoln_second_inaugural_address.jpg,22,20,30,20,0%,0%,1.8,200
4,2,1865,"https://en.wikipedia.org/wiki/Richmond_in_the_American_Civil_War#Evacuation,_burning,_and_capture_of_Richmond",https://upload.wikimedia.org/wikipedia/commons/e/e4/Currier_and_Ives_-_The_Fall_of_Richmond%2C_Va._on_the_Night_of_April_2d._1865_%28cropped%29.jpg,27,0,14,0,-10%,50%,1.7,22
4,9,1865,https://en.wikipedia.org/wiki/Battle_of_Appomattox_Court_House,https://upload.wikimedia.org/wikipedia/commons/thumb/b/bc/General_Robert_E._Lee_surrenders_at_Appomattox_Court_House_1865.jpg/1280px-General_Robert_E._Lee_surrenders_at_Appomattox_Court_House_1865.jpg,27,20,14,20,-10%,0%,1.8,22
6,19,1865,https://en.wikipedia.org/wiki/Juneteenth,https://www.sfaf.org/wp-content/uploads/Juneteenth-image-optimized.jpg,27,20,14,20,-10%,0%,1.7,22
9,6,1901,https://en.wikipedia.org/wiki/Assassination_of_William_McKinley,https://upload.wikimedia.org/wikipedia/commons/thumb/3/3f/McKinleyAssassination.jpg/300px-McKinleyAssassination.jpg,27,20,21,20,-15%,0%,1.7,22
1,22,1905,https://en.wikipedia.org/wiki/Bloody_Sunday_(1905),https://upload.wikimedia.org/wikipedia/en/thumb/3/3b/Gapon_crowd_1905.jpg/300px-Gapon_crowd_1905.jpg,27,20,21,20,-15%,0%,1.7,22
9,5,1905,https://en.wikipedia.org/wiki/Treaty_of_Portsmouth,https://upload.wikimedia.org/wikipedia/commons/thumb/1/1c/Treaty_of_Portsmouth.jpg/330px-Treaty_of_Portsmouth.jpg,5,0,19,0,0%,0%,1.1,200
6,1,1906,https://en.wikipedia.org/wiki/Pure_Food_and_Drug_Act,https://postalmuseum.si.edu/sites/default/files/1d_huntsremedy-1.jpg,29,20,21,20,-15%,0%,1.7,22
4,13,1909,https://en.wikipedia.org/wiki/31_March_incident,https://upload.wikimedia.org/wikipedia/commons/thumb/b/bf/Jungt%C3%BCrkische_Parlamentsmitglieder_in_Saloniki%2C_1909.jpg/220px-Jungt%C3%BCrkische_Parlamentsmitglieder_in_Saloniki%2C_1909.jpg,29,20,21,20,-15%,0%,1.7,22
8,5,1909,https://en.wikipedia.org/wiki/Payne%E2%80%93Aldrich_Tariff_Act,https://cdn.britannica.com/87/71187-004-CE34DCF7.jpg,29,20,21,20,-15%,0%,1.7,22
3,25,1911,https://en.wikipedia.org/wiki/Triangle_Shirtwaist_Factory_fire,https://upload.wikimedia.org/wikipedia/commons/thumb/8/87/Image_of_Triangle_Shirtwaist_Factory_fire_on_March_25_-_1911.jpg/275px-Image_of_Triangle_Shirtwaist_Factory_fire_on_March_25_-_1911.jpg,0,0,18,0,0%,0%,1.06,22
10,10,1911,https://en.wikipedia.org/wiki/National_Day_of_the_Republic_of_China,https://upload.wikimedia.org/wikipedia/commons/thumb/b/bb/Double-tenth-symbol.svg/240px-Double-tenth-symbol.svg.png,0,0,18,0,-20%,0%,1.06,22
1,1,1912,https://en.wikipedia.org/wiki/Sun_Yat-sen,https://upload.wikimedia.org/wikipedia/commons/thumb/d/d9/%E5%AD%99%E4%B8%AD%E5%B1%B1%E8%82%96%E5%83%8F.jpg/220px-%E5%AD%99%E4%B8%AD%E5%B1%B1%E8%82%96%E5%83%8F.jpg,5,0,19,0,0%,0%,1.1,200
2,12,1912,https://en.wikipedia.org/wiki/Imperial_Edict_of_the_Abdication_of_the_Qing_Emperor,https://www.historyhit.com/app/uploads/2022/01/Puyi-infant-1-e1643706577370.jpg?x65987,5,0,19,0,0%,0%,1.1,200
3,14,1912,https://en.wikipedia.org/wiki/Sinking_of_the_Titanic,https://upload.wikimedia.org/wikipedia/commons/thumb/6/6e/St%C3%B6wer_Titanic.jpg/300px-St%C3%B6wer_Titanic.jpg,0,0,25,0,-7%,50%,1.7,22
3,3,1913,https://en.wikipedia.org/wiki/Woman_Suffrage_Procession,https://upload.wikimedia.org/wikipedia/commons/thumb/d/d6/Official_Program_Woman_Suffrage_Procession_-_March_3%2C_1913.jpg/240px-Official_Program_Woman_Suffrage_Procession_-_March_3%2C_1913.jpg,5,0,19,0,0%,0%,1.1,200
12,23,1913,https://en.wikipedia.org/wiki/Federal_Reserve_Act,https://upload.wikimedia.org/wikipedia/commons/thumb/1/1a/Seal_of_the_United_States_Federal_Reserve_System.svg/150px-Seal_of_the_United_States_Federal_Reserve_System.svg.png,0,0,0,0,-10%,0%,1,22
6,28,1914,https://en.wikipedia.org/wiki/Assassination_of_Archduke_Franz_Ferdinand,https://upload.wikimedia.org/wikipedia/commons/thumb/e/ea/DC-1914-27-d-Sarajevo-cropped.jpg/240px-DC-1914-27-d-Sarajevo-cropped.jpg,0,0,0,0,-10%,0%,1,22
7,5,1914,https://encyclopedia.1914-1918-online.net/article/germanys-blank-cheque-to-austria-hungary/,https://cdn.images.express.co.uk/img/dynamic/129/590x/secondary/177793.jpg?r=1686998680160,0,0,0,0,-10%,0%,1,22
8,3,1914,https://www.history.com/this-day-in-history/germany-and-france-declare-war-on-each-other,https://upload.wikimedia.org/wikipedia/en/thumb/c/c3/Flag_of_France.svg/255px-Flag_of_France.svg.png,0,0,0,0,-10%,0%,1,22
8,4,1914,https://en.wikipedia.org/wiki/British_entry_into_World_War_I,https://upload.wikimedia.org/wikipedia/commons/thumb/a/a5/Flag_of_the_United_Kingdom_%281-2%29.svg/125px-Flag_of_the_United_Kingdom_%281-2%29.svg.png,0,0,0,0,-10%,0%,1,22
8,15,1914,https://en.wikipedia.org/wiki/Panama_Canal,https://upload.wikimedia.org/wikipedia/commons/thumb/7/7c/Panama.A2003087.1850.250m.jpg/280px-Panama.A2003087.1850.250m.jpg,0,0,0,0,-10%,0%,1,22
10,29,1914,https://en.wikipedia.org/wiki/Black_Sea_raid,https://upload.wikimedia.org/wikipedia/commons/thumb/4/4a/Shelling_of_Sevastopol_by_the_Turkish_Fleet_on_30._October_1914.png/300px-Shelling_of_Sevastopol_by_the_Turkish_Fleet_on_30._October_1914.png,0,0,0,0,-10%,0%,1,22
10,30,1914,https://en.wikipedia.org/wiki/Ottoman_entry_into_World_War_I,https://upload.wikimedia.org/wikipedia/commons/thumb/c/c7/Coat_of_arms_of_the_Ottoman_Empire_%281882%E2%80%931922%29.svg/125px-Coat_of_arms_of_the_Ottoman_Empire_%281882%E2%80%931922%29.svg.png,0,0,25,0,-7%,50%,1,22
12,25,1914,https://en.wikipedia.org/wiki/Christmas_truce,https://upload.wikimedia.org/wikipedia/en/thumb/4/42/Illustrated_London_News_-_Christmas_Truce_1914.jpg/250px-Illustrated_London_News_-_Christmas_Truce_1914.jpg,0,10,0,10,-10%,0%,1.3,22
4,25,1915,https://en.wikipedia.org/wiki/Anzac_Day,https://upload.wikimedia.org/wikipedia/commons/thumb/e/e9/Dawn_service_gnangarra_03.jpg/240px-Dawn_service_gnangarra_03.jpg,0,10,0,10,-10%,0%,1.3,22
5,7,1915,https://en.wikipedia.org/wiki/Sinking_of_the_RMS_Lusitania,https://upload.wikimedia.org/wikipedia/commons/thumb/8/81/Bundesarchiv_DVM_10_Bild-23-61-17%2C_Untergang_der_%22Lusitania%22.jpg/300px-Bundesarchiv_DVM_10_Bild-23-61-17%2C_Untergang_der_%22Lusitania%22.jpg,0,10,0,10,-10%,0%,1.3,22
5,23,1915,https://en.wikipedia.org/wiki/Italian_entry_into_World_War_I,https://upload.wikimedia.org/wikipedia/commons/thumb/0/0d/Flag_of_Italy_%281861-1946%29_crowned.svg/125px-Flag_of_Italy_%281861-1946%29_crowned.svg.png,0,0,0,0,-10%,0%,1,22
8,6,1915,https://en.wikipedia.org/wiki/Attack_of_the_Dead_Men,https://cdnb.artstation.com/p/assets/images/images/035/882/823/large/elena-sheveleva-21-final.jpg?1616149569,5,0,19,0,0%,0%,1.1,200
1,3,1916,https://en.wikipedia.org/wiki/Sykes%E2%80%93Picot_Agreement,https://cdn.britannica.com/91/187391-050-ADA355CB/Map-Sykes-Picot-Agreement.jpg,0,10,0,10,-10%,0%,1.3,22
7,30,1916,https://en.wikipedia.org/wiki/Black_Tom_explosion,https://upload.wikimedia.org/wikipedia/commons/thumb/8/8f/View_of_the_debris_of_the_Lehigh_Valley_pier_after_Black_Tom_explosion_%28cropped%29.jpg/1280px-View_of_the_debris_of_the_Lehigh_Valley_pier_after_Black_Tom_explosion_%28cropped%29.jpg,0,10,0,10,-10%,0%,1.3,22
11,21,1916,https://en.wikipedia.org/wiki/Franz_Joseph_I_of_Austria#Death,https://www.habsburger.net/files/styles/large/public/originale/franz_von_matsch_franz_joseph_auf_seinem_sterbebett_oelgemaelde_1916_original_0.jpg?itok=KdCWQILc&timestamp=1332428049,0,10,0,10,-10%,0%,1.3,22
12,13,1916,https://en.wikipedia.org/wiki/White_Friday_(1916),https://lh3.googleusercontent.com/ci/AL18g_StyHxQEm7NRrlfN-jPSt0ypRNpnO9eDgoa9zLmw1E5bTqP94pEwQWxI_meCK8fpYJUTOS-SUHt,0,10,0,10,-10%,0%,1.3,22
1,11,1917,https://en.wikipedia.org/wiki/Silent_Sentinels,https://upload.wikimedia.org/wikipedia/commons/thumb/7/73/Women_suffragists_picketing_in_front_of_the_White_house.jpg/300px-Women_suffragists_picketing_in_front_of_the_White_house.jpg,33,0,17,0,-10%,-34%,2.5,22
3,8,1917,https://en.wikipedia.org/wiki/International_Women%27s_Day#The_Russian_Revolution_and_Communist_countries,https://upload.wikimedia.org/wikipedia/commons/thumb/c/c6/The_Soviet_Union_1949_CPA_1368_stamp_%28International_Women%27s_Day%2C_March_8._Political_leadership%29.jpg/200px-The_Soviet_Union_1949_CPA_1368_stamp_%28International_Women%27s_Day%2C_March_8._Political_leadership%29.jpg,10,0,5,0,-10%,-5%,1.1,22
3,3,1917,https://en.wikipedia.org/wiki/Zimmermann_telegram,https://upload.wikimedia.org/wikipedia/commons/thumb/f/f0/Zimmermann_Telegram_as_Received_by_the_German_Ambassador_to_Mexico_-_NARA_-_302025.jpg/220px-Zimmermann_Telegram_as_Received_by_the_German_Ambassador_to_Mexico_-_NARA_-_302025.jpg,0,5,30,10,11%,0%,1.3,22
4,2,1917,https://en.wikipedia.org/wiki/American_entry_into_World_War_I,https://upload.wikimedia.org/wikipedia/commons/thumb/a/a9/Flag_of_the_United_States_%28DoS_ECA_Color_Standard%29.svg/125px-Flag_of_the_United_States_%28DoS_ECA_Color_Standard%29.svg.png,0,10,0,10,-10%,0%,1.3,22
4,16,1917,https://www.history.com/this-day-in-history/lenin-returns-to-russia-from-exile,https://static.themoscowtimes.com/image/article_1360/8b/19982e6c85.jpg,0,37,0,10,-10%,23%,2,22
10,25,1917,https://en.wikipedia.org/wiki/October_Revolution,https://upload.wikimedia.org/wikipedia/commons/thumb/7/70/Kustodiev_The_Bolshevik.jpg/220px-Kustodiev_The_Bolshevik.jpg,0,10,0,10,-10%,0%,1.3,22
11,2,1917,https://en.wikipedia.org/wiki/Balfour_Declaration,https://upload.wikimedia.org/wikipedia/commons/thumb/8/8e/Balfour_declaration_unmarked.jpg/300px-Balfour_declaration_unmarked.jpg,57,37,0,10,-65%,23%,2,22
11,23,1917,https://www.theatlantic.com/international/archive/2016/05/sykes-picot-centennial/482904/,https://cdn.britannica.com/91/187391-050-ADA355CB/Map-Sykes-Picot-Agreement.jpg,0,10,0,10,-10%,0%,1.3,22
11,25,1917,https://en.wikipedia.org/wiki/1917_Russian_Constituent_Assembly_election,https://upload.wikimedia.org/wikipedia/commons/thumb/9/9d/1917_Russian_Constituent_Assembly_election_results_map.svg/450px-1917_Russian_Constituent_Assembly_election_results_map.svg.png,0,0,0,0,-10%,1%,1,200
1,8,1918,https://en.wikipedia.org/wiki/Fourteen_Points,https://upload.wikimedia.org/wikipedia/commons/thumb/6/61/Bushnell_cartoon_about_Kaiser_Wilhelm_considering_Wilson%27s_14-point_plan.jpg/220px-Bushnell_cartoon_about_Kaiser_Wilhelm_considering_Wilson%27s_14-point_plan.jpg,0,0,0,0,-10%,1%,1,200
1,18,1918,https://soviethistory.msu.edu/1917-2/constituent-assembly/constituent-assembly-texts/dissolution-of-the-constituent-assembly/,https://upload.wikimedia.org/wikipedia/commons/thumb/e/ea/Russian_coa_1917.svg/150px-Russian_coa_1917.svg.png,0,0,0,0,-10%,1%,1,200
3,18,1918,https://en.wikipedia.org/wiki/Treaty_of_Brest-Litovsk,https://upload.wikimedia.org/wikipedia/commons/thumb/e/e4/Bundesarchiv_Bild_183-R92623%2C_Brest-Litowsk%2C_Waffenstillstandsabkommen.jpg/220px-Bundesarchiv_Bild_183-R92623%2C_Brest-Litowsk%2C_Waffenstillstandsabkommen.jpg,10,0,0,0,-10%,1%,1,200
4,21,1918,https://www.kumc.edu/school-of-medicine/academics/departments/history-and-philosophy-of-medicine/archives/wwi/essays/biography/red-baron.html,https://upload.wikimedia.org/wikipedia/commons/thumb/1/11/Manfred_von_Richthofen.jpg/220px-Manfred_von_Richthofen.jpg,5,0,19,0,0%,0%,1.15,200
7,17,1918,https://en.wikipedia.org/wiki/Murder_of_the_Romanov_family,https://upload.wikimedia.org/wikipedia/commons/thumb/7/7a/Russian_Imperial_Family_1913.jpg/268px-Russian_Imperial_Family_1913.jpg,0,0,35,0,12%,50%,1.7,22
11,9,1918,https://en.wikipedia.org/wiki/Abdication_of_Wilhelm_II,https://upload.wikimedia.org/wikipedia/commons/thumb/c/ce/Berlin%2C_Alte_Nationalgalerie%2C_Vilma_Parlaghy%2C_Portr%C3%A4t_Kaiser_Wilhelm_II_.JPG/220px-Berlin%2C_Alte_Nationalgalerie%2C_Vilma_Parlaghy%2C_Portr%C3%A4t_Kaiser_Wilhelm_II_.JPG,5,0,19,0,0%,2%,1.18,200
11,11,1918,https://en.wikipedia.org/wiki/Armistice_of_11_November_1918,https://media.istockphoto.com/id/1138208768/vector/red-poppy-flower.jpg?s=612x612&w=0&k=20&c=f0uS5kVODDpwU0ZDqxACt67huTVlbkh_XYYItggXOrY=,5,0,19,0,-8%,2%,1.18,200
10,8,1918,https://en.wikipedia.org/wiki/Alvin_York,https://upload.wikimedia.org/wikipedia/commons/4/41/Alvin_C._York_1919.jpg,5,0,19,0,0%,0%,1.15,200
3,15,1939,https://en.wikipedia.org/wiki/Occupation_of_Czechoslovakia_(1938%E2%80%931945),https://upload.wikimedia.org/wikipedia/commons/thumb/d/db/Lesser_coat_of_arms_of_Czechoslovakia.svg/80px-Lesser_coat_of_arms_of_Czechoslovakia.svg.png,5,0,0,0,0%,0%,1,200
8,2,1939,https://en.wikipedia.org/wiki/Einstein%E2%80%93Szilard_letter,https://ahf.nuclearmuseum.org/wp-content/uploads/2014/06/1-Einstein%20and%20Szilard%20letter%20to%20Roosevelt%20Getty%20Images%20NNSA.jpg,0,0,0,0,0%,0%,1,200
8,23,1939,https://en.wikipedia.org/wiki/Molotov%E2%80%93Ribbentrop_Pact,https://upload.wikimedia.org/wikipedia/commons/thumb/3/38/Bundesarchiv_Bild_183-H27337%2C_Moskau%2C_Stalin_und_Ribbentrop_im_Kreml.jpg/200px-Bundesarchiv_Bild_183-H27337%2C_Moskau%2C_Stalin_und_Ribbentrop_im_Kreml.jpg,5,0,19,0,0%,0%,1.1,200
9,3,1939,https://www.history.com/this-day-in-history/britain-and-france-declare-war-on-germany,https://www.briefingsforbritain.co.uk/wp-content/uploads/2018/06/brittain-and-france.jpg,5,0,19,0,0%,0%,1.1,200
2,4,1940,https://en.wikipedia.org/wiki/Nikolai_Yezhov#Execution,https://encrypted-tbn0.gstatic.com/images?q=tbn:ANd9GcSyQQX_IuRKJE0ENExaT94v7oewYK9ewScrpA&s,5,0,19,0,0%,0%,1.1,200
4,1,1940,https://en.wikipedia.org/wiki/Katyn_massacre,https://upload.wikimedia.org/wikipedia/commons/thumb/9/9a/Katyn_Massacre_-_Mass_Graves_2.jpg/220px-Katyn_Massacre_-_Mass_Graves_2.jpg,5,0,19,0,0%,0%,1.1,200
4,9,1940,https://en.wikipedia.org/wiki/German_invasion_of_Denmark_(1940),https://upload.wikimedia.org/wikipedia/commons/thumb/8/81/German_invasion_of_Denmark_%281940%29.svg/300px-German_invasion_of_Denmark_%281940%29.svg.png,5,0,19,0,0%,0%,1.1,200
5,10,1940,https://en.wikipedia.org/wiki/Winston_Churchill,https://upload.wikimedia.org/wikipedia/commons/thumb/b/bc/Sir_Winston_Churchill_-_19086236948.jpg/220px-Sir_Winston_Churchill_-_19086236948.jpg,5,5,19,0,0%,0%,1.1,200
6,10,1940,https://en.wikipedia.org/wiki/Military_history_of_Italy_during_World_War_II,https://upload.wikimedia.org/wikipedia/commons/thumb/0/0d/Flag_of_Italy_%281861-1946%29_crowned.svg/125px-Flag_of_Italy_%281861-1946%29_crowned.svg.png,8,0,24,0,-35%,0%,0.8,200
6,23,1940,https://www.history.com/this-day-in-history/hitler-takes-a-tour-of-paris,https://media.iwm.org.uk/ciim5/36/50/large_000000.jpg,5,0,19,0,0%,-5%,1.1,200
7,22,1940,https://en.wikipedia.org/wiki/Hideki_Tojo,https://upload.wikimedia.org/wikipedia/commons/thumb/9/96/Hideki_Tojo_2_%28cropped%29.jpg/220px-Hideki_Tojo_2_%28cropped%29.jpg,5,0,19,0,0%,0%,1.1,200
8,20,1940,https://www.britannica.com/story/the-assassination-of-leon-trotsky,https://upload.wikimedia.org/wikipedia/commons/thumb/d/d0/Bundesarchiv_Bild_183-R15068%2C_Leo_Dawidowitsch_Trotzki.jpg/220px-Bundesarchiv_Bild_183-R15068%2C_Leo_Dawidowitsch_Trotzki.jpg,5,0,19,0,0%,0%,1.1,200
10,15,1940,https://en.wikipedia.org/wiki/The_Great_Dictator,https://upload.wikimedia.org/wikipedia/commons/thumb/9/9d/The_Great_Dictator_%281940%29_poster.jpg/220px-The_Great_Dictator_%281940%29_poster.jpg,5,0,19,0,0%,0%,1.1,200
9,22,1940,"https://encyclopedia.ushmm.org/content/en/article/axis-powers-in-world-war-ii#:~:text=On%20September%2027%2C%201940%2C%20Germany,to%20as%20the%20Axis%20powers.",https://upload.wikimedia.org/wikipedia/commons/thumb/4/4f/Naval_Ensign_of_Japan.svg/220px-Naval_Ensign_of_Japan.svg.png,5,0,19,0,0%,0%,1.1,200
11,20,1940,https://en.wikipedia.org/wiki/Hungary_in_World_War_II,https://upload.wikimedia.org/wikipedia/commons/thumb/0/02/Coat_of_arms_of_Hungary_%281915-1918%2C_1919-1946%3B_angels%29.svg/110px-Coat_of_arms_of_Hungary_%281915-1918%2C_1919-1946%3B_angels%29.svg.png,5,0,0,0,0%,0%,1,200
3,1,1941,https://en.wikipedia.org/wiki/Bulgaria_during_World_War_II,https://upload.wikimedia.org/wikipedia/commons/thumb/9/9a/Flag_of_Bulgaria.svg/125px-Flag_of_Bulgaria.svg.png,5,0,0,0,0%,0%,1,200
4,13,1941,https://en.wikipedia.org/wiki/Soviet%E2%80%93Japanese_Neutrality_Pact,https://upload.wikimedia.org/wikipedia/commons/thumb/1/1c/Matsuoka_signs_the_Soviet%E2%80%93Japanese_Neutrality_Pact-1.jpg/200px-Matsuoka_signs_the_Soviet%E2%80%93Japanese_Neutrality_Pact-1.jpg,5,0,0,0,0%,0%,1.15,200
6,22,1941,https://en.wikipedia.org/wiki/Operation_Barbarossa,https://qph.cf2.quoracdn.net/main-qimg-99efb42ec55bbdb3ccecb814fe5bbcc7-lq,5,12,0,12,-8%,0%,1.5,200
12,7,1941,https://en.wikipedia.org/wiki/Attack_on_Pearl_Harbor,https://upload.wikimedia.org/wikipedia/commons/thumb/0/09/The_USS_Arizona_%28BB-39%29_burning_after_the_Japanese_attack_on_Pearl_Harbor_-_NARA_195617_-_Edit.jpg/202px-The_USS_Arizona_%28BB-39%29_burning_after_the_Japanese_attack_on_Pearl_Harbor_-_NARA_195617_-_Edit.jpg,5,12,0,12,-8%,0%,1.5,200
12,8,1941,https://en.wikipedia.org/wiki/United_States_declaration_of_war_on_Japan,https://upload.wikimedia.org/wikipedia/commons/thumb/a/a9/Flag_of_the_United_States_%28DoS_ECA_Color_Standard%29.svg/125px-Flag_of_the_United_States_%28DoS_ECA_Color_Standard%29.svg.png,5,12,0,12,-8%,22%,2.1,200
1,20,1942,https://en.wikipedia.org/wiki/Wannsee_Conference,https://upload.wikimedia.org/wikipedia/commons/thumb/7/7f/Haus_der_Wannsee-Konferenz_02-2014.jpg/300px-Haus_der_Wannsee-Konferenz_02-2014.jpg,5,22,0,22,-8%,0%,2,200
2,19,1942,https://en.wikipedia.org/wiki/Executive_Order_9066,https://upload.wikimedia.org/wikipedia/commons/thumb/4/43/Posted_Japanese_American_Exclusion_Order.jpg/220px-Posted_Japanese_American_Exclusion_Order.jpg,5,12,50,12,-12%,0%,1.5,201
2,19,1942,https://en.wikipedia.org/wiki/Bombing_of_Darwin,https://upload.wikimedia.org/wikipedia/commons/thumb/a/a2/Darwin_42.jpg/300px-Darwin_42.jpg,0,12,43,12,-80%,0%,1.5,200
2,7,1942,https://en.wikipedia.org/wiki/Double_V_campaign,https://encrypted-tbn0.gstatic.com/images?q=tbn:ANd9GcRsKS7ah4UkeyIekFtU-PsZB7ifupPV0Z61fZhq6dUYV6NC-jKj&s,20,12,20,12,-8%,0%,1.5,200
4,18,1942,https://en.wikipedia.org/wiki/Doolittle_Raid,https://d28hgpri8am2if.cloudfront.net/book_images/cvr9780743474337_9780743474337_hr.jpg,10,12,33,12,10%,0%,1.5,200
11,26,1942,https://en.wikipedia.org/wiki/Casablanca_(film),https://upload.wikimedia.org/wikipedia/commons/thumb/b/b3/CasablancaPoster-Gold.jpg/220px-CasablancaPoster-Gold.jpg,5,0,19,0,0%,0%,1.1,200
12,2,1942,https://en.wikipedia.org/wiki/Chicago_Pile-1,https://upload.wikimedia.org/wikipedia/commons/thumb/f/fe/Stagg_Field_reactor.jpg/220px-Stagg_Field_reactor.jpg,0,0,0,0,0%,0%,1.1,200
4,18,1943,https://en.wikipedia.org/wiki/Operation_Vengeance,https://upload.wikimedia.org/wikipedia/commons/7/79/Portrait_of_Yamamoto_Isoroku.jpg,5,0,19,0,0%,0%,1.1,200
7,25,1943,https://en.wikipedia.org/wiki/Fall_of_the_Fascist_regime_in_Italy,https://upload.wikimedia.org/wikipedia/commons/thumb/9/9a/Flag_of_the_Arditi_del_Popolo_Battalion.svg/200px-Flag_of_the_Arditi_del_Popolo_Battalion.svg.png,5,0,19,0,0%,0%,1.1,200
9,3,1943,https://en.wikipedia.org/wiki/Armistice_of_Cassibile,https://upload.wikimedia.org/wikipedia/commons/thumb/4/45/General_Castellano_signs_the_armistice_on_behalf_of_Badoglio.jpg/180px-General_Castellano_signs_the_armistice_on_behalf_of_Badoglio.jpg,5,0,19,0,0%,0%,1.1,200
6,4,1944,https://blog.fold3.com/june-4-1944-the-liberation-of-rome/,https://blog.fold3.com/wp-content/uploads/2023/05/Screen-Shot-2023-05-30-at-10.57.17-AM-150x150.png,5,0,19,0,0%,0%,1.1,200
6,6,1944,https://en.wikipedia.org/wiki/Normandy_landings,https://upload.wikimedia.org/wikipedia/commons/thumb/a/a5/Into_the_Jaws_of_Death_23-0455M_edit.jpg/300px-Into_the_Jaws_of_Death_23-0455M_edit.jpg,25,0,0,0,-10%,0%,1.5,200
6,20,1944,https://en.wikipedia.org/wiki/Battle_of_the_Philippine_Sea,https://upload.wikimedia.org/wikipedia/commons/thumb/6/6d/Albacore-ii.jpg/220px-Albacore-ii.jpg,27,10,14,10,-10%,-50%,3,22
7,20,1944,https://en.wikipedia.org/wiki/20_July_plot,https://i.pinimg.com/236x/5f/69/e9/5f69e9b84d7932d78e0234a1d5437136.jpg,5,0,19,0,0%,0%,1.1,200
11,22,1944,https://en.wikipedia.org/wiki/Henry_V_(1944_film),https://cdn11.bigcommerce.com/s-yzgoj/images/stencil/1280x1280/products/1020702/4225647/apier3ku4__80315.1626626899.jpg?c=2,5,0,19,0,0%,0%,1.1,200
8,4,1944,https://en.wikipedia.org/wiki/Anne_Frank#Arrest,https://upload.wikimedia.org/wikipedia/commons/thumb/7/75/Anne_Frank_passport_photo%2C_May_1942.jpg/220px-Anne_Frank_passport_photo%2C_May_1942.jpg,5,0,19,0,0%,0%,1.1,200
8,25,1944,https://en.wikipedia.org/wiki/Liberation_of_Paris,https://upload.wikimedia.org/wikipedia/commons/thumb/7/78/Crowds_of_French_patriots_line_the_Champs_Elysees-edit2.jpg/300px-Crowds_of_French_patriots_line_the_Champs_Elysees-edit2.jpg,0,0,0,0,-7%,0%,1.6,22
